municipality_name,municipality_id,barangay_name,barangay_id,status
Sto.Tomas,1476,"Sto Nino",8678,0
Sto.Tomas,1476,Sapa,8679,0
"Sta. Ana",1478,"San Bartolome",8693,0
Apalit,1588,"San Vicente",9007,0
Lubao,1490,"San Matias",8883,0
Apalit,1588,"Brgy Poblacion",9008,0
Sto.Tomas,1476,Sto.Tomas,8684,0
Lubao,1490,"Sta Monica",8892,0
"San Luis",1481,"Sta. Rita",8728,0
"Sta. Ana",1478,"San Pablo",8688,0
Candaba,1585,"Sto. Rosario",8958,0
Lubao,1490,Santiago,8865,0
Floridablanca,1584,"San Isidro",8935,0
Arayat,1587,"San Nicolas",8993,0
"Sta. Ana",1478,"Sta. Lucia",8694,0
"Sta. Ana",1478,"San Joaquin",8695,0
Guagua,1583,"San Juan",8907,0
"Sta. Ana",1478,"Sta. Ana",8697,0
"Sexmoan ( Sasmuan)",1479,Malusac,8698,1
"Sexmoan ( Sasmuan)",1479,"Batang 1 & Ii",8699,0
"Sexmoan ( Sasmuan)",1479,Mabuanbuan,8700,2
"Sexmoan ( Sasmuan)",1479,Sabitanan,8701,3
Floridablanca,1584,Consuelo,8926,0
Candaba,1585,Dalayap,8949,0
Floridablanca,1584,"Sta. Monica",8925,0
Floridablanca,1584,"San Pedro",8923,0
"Sexmoan ( Sasmuan)",1479,"San Nicolas 11",8706,0
"Sexmoan ( Sasmuan)",1479,"Sexmoan ( Sasmuan)",8708,0
Lubao,1490,Concepcion,8884,0
"San Simon",1480,"San Pablo Proper",8710,0
Candaba,1585,"San Agustin",8965,0
Lubao,1490,"Sta. Cruz",8882,0
Lubao,1490,"San Miguel",8885,0
"San Simon",1480,"Sto. Nino",8718,0
Macabebe,1488,"San Jose",8843,0
"San Simon",1480,Poblacion,8720,0
"San Simon",1480,"San Simon",8721,0
"San Luis",1481,Mangga,8723,0
"San Luis",1481,Talang,8724,0
"San Luis",1481,Barit,8725,0
Floridablanca,1584,"San Roque",8922,0
Mexico,1485,"San Carlos",8786,0
"San Luis",1481,"San Sebastian",8730,1
"San Luis",1481,"Sto. Tomas",8734,2
"San Luis",1481,"San Luis",8736,3
"San Fernando",1482,"San Fernando",8737,0
Porac,1483,"Sapang Uwak (Aetas)",8738,0
Porac,1483,"Inararo (Aetas)",8739,0
Porac,1483,"Villa Maria (Aetas)",8740,0
Porac,1483,Planas,8741,0
Porac,1483,Pias,8742,0
Porac,1483,"Dolores (Hacienda Dolores)",8743,0
Porac,1483,"Babo Pangulo",8744,0
Porac,1483,Cangatba,8745,0
Porac,1483,Mancatian,8746,0
Porac,1483,"Manibaug Pasig",8747,0
Porac,1483,"Manibaug Paralaya",8749,0
Magalang,1487,"Sta Cruz",8823,0
Porac,1483,Porac,8751,0
Masantol,1486,"Sta Rita",8812,0
Minalin,1484,"Sto Rosario",8754,0
Minalin,1484,Minalin,8756,0
Mexico,1485,"Tangle (Tanglay)",8757,0
Mexico,1485,Suclaban,8758,0
Mexico,1485,"Sapang Maisac",8759,0
Mexico,1485,"San Jose Malino",8760,0
Mexico,1485,Pangatlan,8761,0
Mexico,1485,Pandacaqui,8762,0
Mexico,1485,Laug,8763,0
Mexico,1485,Gandus,8764,0
Mexico,1485,Eden,8765,0
Mexico,1485,"Dolores (Piring)",8766,0
Mexico,1485,Cawayan,8767,0
Mexico,1485,Buenavista,8768,0
Mexico,1485,Balas,8781,0
Mexico,1485,Anao,8770,0
Mexico,1485,Acli,8771,0
Mexico,1485,Pangatlang,8772,0
Mexico,1485,"Nueva Victoria",8775,0
Macabebe,1488,"San Rafael",8841,0
Mexico,1485,"San Patricio",8779,0
Mexico,1485,Laput,8780,0
Mexico,1485,Panipuan,8782,0
Mexico,1485,Parian,8784,0
Lubao,1490,"San Antonio",8879,0
Mexico,1485,Masangsang,8788,0
Mexico,1485,Lagundi,8789,0
Mexico,1485,"San Jose Matulid",8790,0
Mexico,1485,Mexico,8791,0
Masantol,1486,"Santa Lucia Matua",8792,0
Masantol,1486,Bulacus,8793,0
Masantol,1486,"San Isidro Matua (Pob.)",8794,0
Masantol,1486,"Bebe Matua",8795,0
Masantol,1486,"Sapang Kawayan",8796,0
Masantol,1486,Nigui,8797,0
Masantol,1486,Malauli,8798,0
Masantol,1486,Bulasis,8799,0
Masantol,1486,Cambasi,8801,0
Masantol,1486,Puti,8802,0
Masantol,1486,"Sagrada (Tibagin)",8803,0
Masantol,1486,Baguna,8804,0
Masantol,1486,Balibago,8805,0
Masantol,1486,"San Agustin (Caingin)",8806,0
Masantol,1486,Alauli,8807,0
Masantol,1486,"Baha Matua",8808,0
Masantol,1486,Palimpe,8809,0
Masantol,1486,"Sta. Lucia Matua",8810,0
Masantol,1486,"San Isidro Anac",8811,0
Masantol,1486,Masantol,8814,0
Magalang,1487,Turu,8815,0
Magalang,1487,Bucanan,8816,0
Magalang,1487,"San Ildefonso",8817,0
Magalang,1487,Navaling,8818,0
Magalang,1487,Escaler,8819,0
Magalang,1487,"La Paz",8821,0
Magalang,1487,Dolores,8822,0
Magalang,1487,Camias,8824,0
Macabebe,1488,"San Francisco",8844,0
Magalang,1487,"San Nicolas 2",8828,0
Magalang,1487,"San Nicolas 1",8829,0
Magalang,1487,Magalang,8830,0
Macabebe,1488,Telacsan,8831,0
Macabebe,1488,Tacasan,8832,0
Macabebe,1488,"Saplad David",8833,0
Macabebe,1488,"Santo Rosario (Pob.)",8834,0
Macabebe,1488,"Santo Ni¤o",8835,0
Macabebe,1488,"Santa Rita (Pob.)",8836,0
Macabebe,1488,"Santa Maria",8837,0
Macabebe,1488,"Santa Lutgarda",8838,0
Macabebe,1488,"Santa Cruz (Pob.)",8839,0
Macabebe,1488,"San Esteban",8845,0
Macabebe,1488,Mataguiti,8846,0
Macabebe,1488,Castuli,8849,0
Macabebe,1488,Candelaria,8850,0
Arayat,1587,Batasan,8976,0
Macabebe,1488,"San Gabriel",8854,0
Macabebe,1488,"Caduang Tete",8855,0
Macabebe,1488,Macabebe,8857,0
Mabalacat,1489,Mabalacat,8858,0
Lubao,1490,"San Pablo 2Nd",8859,0
Lubao,1490,"Sta. Teresa 1St & 2Nd",8860,0
Lubao,1490,"De La Paz",8861,0
Lubao,1490,"San Pablo 1St",8862,0
Lubao,1490,"San Pedro Palcarangan",8863,0
Lubao,1490,"San Roque Arbol",8864,0
Lubao,1490,"Santo Ni¤o (Prado Aruba)",8866,0
Lubao,1490,"Bancal Pugad",8867,0
Lubao,1490,"Baruya (San Rafael)",8868,0
Lubao,1490,"Prado Saba",8869,0
Lubao,1490,"Prado Siongco",8870,0
Lubao,1490,"Lourdes (Lauc Pau)",8872,0
Lubao,1490,"Bancal Sinubli",8873,0
Lubao,1490,Calangain,8874,0
Lubao,1490,"San Jose Gumi",8875,0
Lubao,1490,"Sta. Barbara",8876,0
Lubao,1490,"Sta. Catalina",8877,0
Lubao,1490,Remedios,8878,0
Lubao,1490,"San Jose Apunan",8880,0
Lubao,1490,"Sto. Domingo",8881,0
Lubao,1490,"San Nicolas 2Nd",8887,0
Lubao,1490,"Sta. Maria",8888,0
Floridablanca,1584,"Del Carmen",8933,0
Lubao,1490,"San Nicolas 1St",8890,0
Lubao,1490,"Sto Tomas",8891,0
Lubao,1490,"Sta Lucia",8893,0
Lubao,1490,Lubao,8895,0
Guagua,1583,"San Rafael (Duck Island)",8896,0
Guagua,1583,Magsaysay,8897,0
Guagua,1583,Rizal,8898,0
Guagua,1583,Maquiapo,8899,0
Guagua,1583,Lambak,8900,0
Guagua,1583,Ebus,8901,0
Guagua,1583,"Pulong Masle",8902,0
Guagua,1583,Natividad,8903,0
Guagua,1583,"Jose Abad Santos (Siran)",8904,0
Guagua,1583,"San Antonio 2",8905,0
Guagua,1583,"San Antonio 1",8906,0
Guagua,1583,Bancal,8909,0
Guagua,1583,Guagua,8910,0
Apalit,1588,Apalit,9009,0
Floridablanca,1584,Pabanlag,8912,0
Floridablanca,1584,Pandaguirig,8913,0
Floridablanca,1584,Palmayo,8914,0
Floridablanca,1584,"San Ramon",8915,0
Floridablanca,1584,Nabuclod,8916,0
Floridablanca,1584,Carmencita,8917,0
Floridablanca,1584,Dampe,8918,0
Floridablanca,1584,Bodega,8919,0
Floridablanca,1584,Malabo,8920,0
Floridablanca,1584,Anon,8921,0
Floridablanca,1584,Gutad,8924,0
Floridablanca,1584,"Basa Air Base",8928,0
Arayat,1587,"San Jose Mesulo",8992,0
Floridablanca,1584,Calantas,8930,0
Floridablanca,1584,Benedicto,8931,0
Floridablanca,1584,Paguiran,8932,0
Floridablanca,1584,Maligaya,8934,0
Floridablanca,1584,Valdez,8936,0
Floridablanca,1584,Mabical,8937,0
Floridablanca,1584,Floridablanca,8939,0
Candaba,1585,Pansinao,8940,0
Candaba,1585,Tenejero,8941,0
Candaba,1585,"Bahay Pare",8942,0
Candaba,1585,"Dulong Ilog",8943,0
Candaba,1585,"Vizal Sto. Cristo",8944,0
Candaba,1585,Pangclara,8945,0
Candaba,1585,"Vizal San Pablo",8946,0
Candaba,1585,"Pulong Gubat",8947,0
Candaba,1585,"Vizal Sto. Nino",8948,0
Candaba,1585,Mapanigui,8950,0
Candaba,1585,Barangka,8951,0
Candaba,1585,Salapungan,8952,0
Candaba,1585,Magumbali,8953,0
Candaba,1585,Mandili,8954,0
Candaba,1585,Lourdes,8955,0
Candaba,1585,"Cuayang Bugtong",8956,0
Candaba,1585,Tagulod,8957,0
Candaba,1585,Gulap,8959,0
Arayat,1587,Paralaya,8975,0
Candaba,1585,Buas,8961,0
Candaba,1585,Bambang,8962,0
Candaba,1585,Mandasig,8963,0
Candaba,1585,Pasig,8964,0
Candaba,1585,Candaba,8967,0
Bacolor,1586,Cabambanga,8968,0
Bacolor,1586,Bacolor,8971,0
Arayat,1587,"La Paz (Turu)",8972,0
Arayat,1587,"San Mateo",8973,0
Arayat,1587,"Sto. Nino Tabuan",8974,0
Arayat,1587,Candating,8977,0
Arayat,1587,"Cupang ( Santa Lucia)",8978,0
Arayat,1587,"Matamo ( Santa Lucia)",8979,0
Arayat,1587,"Plazang Luma",8980,0
Arayat,1587,Gatiawin,8981,0
Arayat,1587,"San Roque Bitas",8982,0
Arayat,1587,Arenas,8983,0
Arayat,1587,Panlinlinang,8984,0
Arayat,1587,Baliti,8985,0
Arayat,1587,Buensuceso,8986,0
Arayat,1587,"San Agustin Sur",8987,0
Arayat,1587,"San Agustin Norte",8988,0
Arayat,1587,"Mangga Cacutud",8990,0
Arayat,1587,Guemasan,8991,0
Arayat,1587,Arayat,8994,0
Apalit,1588,"San Juan (Pob.)",8995,0
Apalit,1588,Calantipe,8996,0
Apalit,1588,Balucluc,8997,0
Apalit,1588,Sucad,8998,0
Apalit,1588,Cansinala,8999,0
Apalit,1588,"Tabuyuc ( Sto. Rosario)",9000,0
Apalit,1588,Capalangan,9001,0
Apalit,1588,Paligui,9002,0
Apalit,1588,Sampaloc,9003,0
Apalit,1588,Colgante,9004,0
Apalit,1588,"Sulipan ( Itaas)",9005,0
Apalit,1588,"Sulipan (Ibaba)",9006,0
"Angeles City",1589,Amsic,9010,0
"Angeles City",1589,Cutud,9011,0
"Angeles City",1589,Cuayan,9012,0
"Angeles City",1589,"Angeles City",9013,0
